"","AET.Open","AET.High","AET.Low","AET.Close","AET.Volume","AET.Adjusted"
"2018-01-04",181.869995,184.389999,181.839996,183.369995,3321347,181.900192
