"","Open","High","Low","Close","Volume"
"2018-01-04",33.340153,33.530155,33.250153,33.340153,2209671
