"","Open","High","Low","Close","Volume"
"2018-01-04",135.425979,135.66098,135.085983,135.105972,587634
