"","Open","High","Low","Close","Volume"
"2018-01-04",33.720001,33.970001,33.02,33.84,3462188
