"","Open","High","Low","Close","Volume"
"2018-01-04",47.232922,47.842918,45.592918,45.912922,9295314
