"","Open","High","Low","Close","Volume"
"2018-01-04",86.849998,86.910004,85.779999,85.959999,1100003
