"","Open","High","Low","Close","Volume"
"2018-01-04",34.089763,34.939761,34.009761,34.829765,3509383
