"","Open","High","Low","Close","Volume"
"2018-01-04",180.400192,182.920196,180.370193,181.900192,3321347
