"","Open","High","Low","Close","Volume"
"2018-01-04",117.620148,118.320145,117.040146,117.530144,343367
