"","Open","High","Low","Close","Volume"
"2018-01-04",75.889999,76.32,75.080002,76.080002,3532487
